Names,Prices
Kit Guitarra Electrica Fender Squier Stratocaster Combo Pack,1.385.000
Guitarra Eléctrica Zurda Tipo Stratocaster Nueva,450.000
Guitarra Electrica Tagima Tlp Tipo Les Paul Flamed Taewh ,1.699.900
Mueble De Madera Para Piano Base Yamaha Casio Korg Citimusic,260.000
Atril Quik Lok Gs 436 Gs436 Guitarra Electrica Stands ,58.000
Guitarra Eléctrica Tagima Tg530 Bk Series Tg 530,680.000
Guitarra Electrica X500-opjb Cort,2.998.706
Kit Guitarra Electrica Fender Squier Stratocaster Hss Am 15w,70.803
Combo Guitarra Electricapk Squier Strat Blk Gb 10g 120v37182,46.806
Guitarra Electrica Urban Zurda Tipo Lp Axcess,971.800
Guitarra Eléctrica Persian. Cuerpo Semihollow,529.900
Guitarra Electrica Squier By Fender Stratocaster Mm Ht ,410.000
Guitarra Electrica Fender Squier Stratocaster Mm Entrega Inm,525.000
Guitarra Electrica G280dx-jss Cort,495.000
Guitarra Electrica Aged Vintage Burst Cr300 Cor Tek,2.003.412
Guitarra Electrica Yamaha Pacifica Pac012 Microfonos Humbu /,47.303
Guitarra Clásica Persian Profesional - Envío Gratis,1.574.900
Combo Guitarra Eléctrica Guson Amplificador 10w Accesorios,979.900
Kit De Guitarra Yamaha Erg121gpii Amplificador Y Accesorios,460.000
Guitarra Electrica X250-bk Cort,799.900
Kit De Guitarra Yamaha Erg121gpii Con Amplificador Estuche +,1.499.900
Persian Combo Guitarra Eléctrica Egs111 -n - Envío Gratis,1.306.941
Guitarra Eléctrica Stratocaster +accesorios Madera Holandesa,30.858
Kit Guitarra Stratocaster Fender Squier Acesorios Combo Pack,36.111
Kit Guitarra Eléctrica,52.500
Guitarra Electrica Squier Stratocaster  Bullet Ht,13.886
Fender Stratocaster By Squier Ht Con Estuche Semi Duro,31.361
Guitarra Eléctrica Dorada Jay Turser Jt220 Les Paul Cherry,18.889
Guitarra Eléctrica Yamaha Pacífica 012,60.192
Guitarra Electrica Prs Se Zach Myers Zm3tg Made In Korea,18.056
Guitarra Elèctrica Telecaster,30.556
Guitarra Electrica,21.944
Guitarra Eléctrica Ibanez Js140-wh Signature Joe Satriani,95.056
Guitarra Electrica Ibanez Grg170dx  ,14.722
Guitarra Eléctrica Les Paul Jim Wegner Wcr 14 Made Usa,14.417
Guitarra Elèctrica ,81.525
Guitarra Eléctrica Fender Sq Bullet St Stratocaster Htblk ,112.492
Guitarra Electrica Ibanez Rgew521,100.000
Guitarra Electrica Fender 1983 Bullet S-3 Importada Unica ,17.222
Guitarra Electrica,21.386
Guitarra Eléctrica Fender American Stratocaster Standard,93.056
Guitarra Electrica Yamaha Rgx A2 Original Vendo O Permuto,61.111
Guitarra Electrica Sq Cv 60s Jazzmaster Lrl 3ts374083500fend,37.500
Id 241 Guitarra Eléctrica Charvel Modelo 3a (serial De 1987),105.556
Guitarra Electrica Washburn Idol Wi66proq Seymour Duncan !,41.664
Guitarra Eléctrica Tipo Stratocaster Tagima T-635 Bk T635bk,1.850.600
Guitarra Electrica  Tagima Estilo Jm Tw61  Sunburst,2.000.000
Floyd Rose Special Guitarra Electrica Color Negro ,2.400.000
Vendo Cambio Guitarra Eléctrica Schecter Sgr 006,1.209.999
Guitarra Eléctrica Shecter Pt Deluxe Diamond Series Blk,1.010.000
Sin Nombre,570.000
Sin Nombre,450.000
Sin Nombre,2.150.000
